class_name,brand,category,sku,is_ours
Biskett_biscuit_biscuit,Biskett,biscuit,biscuit,1
Biskett_biscuit_cookie-butter-spread-biscuit-spread,Biskett,biscuit,cookie-butter-spread-biscuit-spread,1
Biskett_biscuit_sandwich-caramelize-biscuit,Biskett,biscuit,sandwich-caramelize-biscuit,1
Bomb_bottle_unspecified,Bomb,bottle,unspecified,1
Kix_ice-pop_cherry,Kix,ice-pop,cherry,1
Kix_ice-pop_mango-passion-fruit,Kix,ice-pop,mango-passion-fruit,1
Kix_ice-pop_mix-cherry-mango-passion-fruit-mohito-pinacolada-pomegranate,Kix,ice-pop,mix-cherry-mango-passion-fruit-mohito-pinacolada-pomegranate,1
Kix_ice-pop_mohito,Kix,ice-pop,mohito,1
Kix_ice-pop_pinacolada,Kix,ice-pop,pinacolada,1
Kix_ice-pop_pomegranate,Kix,ice-pop,pomegranate,1
Kix_milk-straw_banana,Kix,milk-straw,banana,1
Kix_milk-straw_chocolate,Kix,milk-straw,chocolate,1
Kix_milk-straw_melon,Kix,milk-straw,melon,1
Kix_milk-straw_multi-vitamin-magic-milk-straw-mix-4-flavors,Kix,milk-straw,multi-vitamin-magic-milk-straw-mix-4-flavors,1
Kix_milk-straw_strawberry,Kix,milk-straw,strawberry,1
Kix-Max_canned_blue-berry,Kix-Max,canned,blue-berry,1
Kix-Max_canned_bubble-gum,Kix-Max,canned,bubble-gum,1
Kix-Max_canned_limonad,Kix-Max,canned,limonad,1
Kix-Max_canned_mix-berry,Kix-Max,canned,mix-berry,1
Kix-Max_canned_passion-fruit,Kix-Max,canned,passion-fruit,1
Kix-Max_canned_sour-cherry,Kix-Max,canned,sour-cherry,1
Kix-Max_glass_blue-berry,Kix-Max,glass,blue-berry,1
Kix-Max_glass_bubble-gum,Kix-Max,glass,bubble-gum,1
Kix-Max_glass_limonad,Kix-Max,glass,limonad,1
Kix-Max_glass_mix-berry,Kix-Max,glass,mix-berry,1
Kix-Max_glass_passion-fruit,Kix-Max,glass,passion-fruit,1
Kix-Max_glass_sour-cherry,Kix-Max,glass,sour-cherry,1
Kix-Max_gum_bubble-gum,Kix-Max,gum,bubble-gum,1
Kix-Max_gum_mint,Kix-Max,gum,mint,1
Kix-Max_gum_mixberry,Kix-Max,gum,mixberry,1
Kix-Max_gum_passion-fruit,Kix-Max,gum,passion-fruit,1
Kix-Max_gum_sugar-free-chewing-gum-with-4-mix-flavors,Kix-Max,gum,sugar-free-chewing-gum-with-4-mix-flavors,1
Kix-Max_sour-candy_mix-apple-cherry-lemon-mix-berry-strawberry,Kix-Max,sour-candy,mix-apple-cherry-lemon-mix-berry-strawberry,1
Kix-Max_sour-candy_mix-apple-lime-pomegranate-sour-cherry-strawberry,Kix-Max,sour-candy,mix-apple-lime-pomegranate-sour-cherry-strawberry,1
Kix-Max_sour-candy_mix-apple-sour-cherry,Kix-Max,sour-candy,mix-apple-sour-cherry,1
Kix-Max_sour-candy_mix-apple-sour-cherry-strawberry,Kix-Max,sour-candy,mix-apple-sour-cherry-strawberry,1
Kix-Max_sour-candy_mix-blue-berry-bubble-gum-lime-mix-berry-passion-fruit-sour-cherry,Kix-Max,sour-candy,mix-blue-berry-bubble-gum-lime-mix-berry-passion-fruit-sour-cherry,1
Kix-Max_sour-candy_mix-blue-berry-lime-mix-berry-sour-cherry,Kix-Max,sour-candy,mix-blue-berry-lime-mix-berry-sour-cherry,1
Kix-Max_sour-candy_mix-lime-pomegranate,Kix-Max,sour-candy,mix-lime-pomegranate,1
Kix-Max_sour-candy_mix-lime-pomegranate-strawberry,Kix-Max,sour-candy,mix-lime-pomegranate-strawberry,1
Kix-Max_sour-candy_strawberry,Kix-Max,sour-candy,strawberry,1
My-Milk_milk-straw_chocolate,My-Milk,milk-straw,chocolate,1
My-Milk_milk-straw_mix-banana-chocolate,My-Milk,milk-straw,mix-banana-chocolate,1
My-Milk_milk-straw_mix-banana-chocolate-coconut-strawberry,My-Milk,milk-straw,mix-banana-chocolate-coconut-strawberry,1
My-Milk_milk-straw_mix-chocolate-coconut,My-Milk,milk-straw,mix-chocolate-coconut,1
My-Milk_milk-straw_mix-chocolate-strawberry,My-Milk,milk-straw,mix-chocolate-strawberry,1
Picola_ice-pop_apple,Picola,ice-pop,apple,1
Picola_ice-pop_mango-passion-fruit,Picola,ice-pop,mango-passion-fruit,1
Picola_ice-pop_mix-apple-mango-passion-fruit-mix-berry-mohito-pinacolada-strawberry,Picola,ice-pop,mix-apple-mango-passion-fruit-mix-berry-mohito-pinacolada-strawberry,1
Picola_ice-pop_mohito,Picola,ice-pop,mohito,1
Picola_ice-pop_pinacolada,Picola,ice-pop,pinacolada,1
Picola_ice-pop_strawberry,Picola,ice-pop,strawberry,1
Picola_milk-straw_banana,Picola,milk-straw,banana,1
Picola_milk-straw_chocolate,Picola,milk-straw,chocolate,1
Picola_milk-straw_coconut,Picola,milk-straw,coconut,1
Picola_milk-straw_magic-milk-straw-mix-4-flavors,Picola,milk-straw,magic-milk-straw-mix-4-flavors,1
Picola_milk-straw_melon,Picola,milk-straw,melon,1
Picola_milk-straw_mix-banana-strawberry,Picola,milk-straw,mix-banana-strawberry,1
Picola_milk-straw_strawberry,Picola,milk-straw,strawberry,1
Tommy-Joy_gift-box_8-flavors,Tommy-Joy,gift-box,8-flavors,1
Tommy-Joy_jelly-powder_aloevera,Tommy-Joy,jelly-powder,aloevera,1
Tommy-Joy_jelly-powder_blue-berry,Tommy-Joy,jelly-powder,blue-berry,1
Tommy-Joy_jelly-powder_forest-fruites,Tommy-Joy,jelly-powder,forest-fruites,1
Tommy-Joy_jelly-powder_jelly-powder-mojito,Tommy-Joy,jelly-powder,jelly-powder-mojito,1
Tommy-Joy_jelly-powder_jelly-powder-pina-colada,Tommy-Joy,jelly-powder,jelly-powder-pina-colada,1
Tommy-Joy_jelly-powder_jelly-powder-pomeganate,Tommy-Joy,jelly-powder,jelly-powder-pomeganate,1
Tommy-Joy_jelly-powder_orange,Tommy-Joy,jelly-powder,orange,1
Tommy-Joy_jelly-powder_sour-cherry,Tommy-Joy,jelly-powder,sour-cherry,1
Tommy-Joy_sauce_chocolate,Tommy-Joy,sauce,chocolate,1
Tommy-Joy_sauce_forest-fruits,Tommy-Joy,sauce,forest-fruits,1
Tommy-Joy_spread_crunchy,Tommy-Joy,spread,crunchy,1
Tommy-Joy_spread_honey,Tommy-Joy,spread,honey,1
Tommy-Joy_spread_peanut-butter-mix-3-flavor,Tommy-Joy,spread,peanut-butter-mix-3-flavor,1
Tommy-Joy_spread_peanut-butter-no-added-sugar,Tommy-Joy,spread,peanut-butter-no-added-sugar,1
Tommy-Joy_spread_salty,Tommy-Joy,spread,salty,1
Tommy-Joy_syrup_blue-curacao-syrup,Tommy-Joy,syrup,blue-curacao-syrup,1
Tommy-Joy_syrup_bubble-gum,Tommy-Joy,syrup,bubble-gum,1
Tommy-Joy_syrup_caramel,Tommy-Joy,syrup,caramel,1
Tommy-Joy_syrup_coconut,Tommy-Joy,syrup,coconut,1
Tommy-Joy_syrup_frosted-mint,Tommy-Joy,syrup,frosted-mint,1
Tommy-Joy_syrup_green-apple,Tommy-Joy,syrup,green-apple,1
Tommy-Joy_syrup_grenadine,Tommy-Joy,syrup,grenadine,1
Tommy-Joy_syrup_hazelnut,Tommy-Joy,syrup,hazelnut,1
Tommy-Joy_syrup_mojito-syrup,Tommy-Joy,syrup,mojito-syrup,1
Tommy-Joy_syrup_passion-fruit,Tommy-Joy,syrup,passion-fruit,1
Tommy-Joy_syrup_raspberry,Tommy-Joy,syrup,raspberry,1
Tommy-Joy_syrup_strawberry,Tommy-Joy,syrup,strawberry,1
Tommy-Joy_syrup_vanilla,Tommy-Joy,syrup,vanilla,1
TorshX_bottle_berlin,TorshX,bottle,berlin,1
TorshX_bottle_madrid,TorshX,bottle,madrid,1
TorshX_bottle_mexico,TorshX,bottle,mexico,1
TorshX_bottle_moscow,TorshX,bottle,moscow,1
TorshX_bottle_paris,TorshX,bottle,paris,1
TorshX_bottle_pattaya,TorshX,bottle,pattaya,1
TorshX_bottle_tokyo,TorshX,bottle,tokyo,1
TorshX_bottle_unspecified,TorshX,bottle,unspecified,1
TorshX_sour-candy_mexico,TorshX,sour-candy,mexico,1
TorshX_sour-candy_mix-berlin-madrid-moscow-paris-pattaya-tokyo,TorshX,sour-candy,mix-berlin-madrid-moscow-paris-pattaya-tokyo,1
TorshX_sour-candy_mix-mexico-moscow-pattaya-tokyo,TorshX,sour-candy,mix-mexico-moscow-pattaya-tokyo,1
TorshX_sour-candy_mix-moscow-pattaya-tokyo,TorshX,sour-candy,mix-moscow-pattaya-tokyo,1
TorshX_sour-candy_moscow,TorshX,sour-candy,moscow,1
TorshX_sour-candy_pattaya,TorshX,sour-candy,pattaya,1
TorshX_sour-candy_tokyo,TorshX,sour-candy,tokyo,1
